id,produto,quantidade,preço,data
1,guarda-chuva,6,25.50,01/04/2023
2,carregador portátil,8,75.00,02/04/2023
3,moletom,5,90.00,03/04/2023
4,caneca personalizada,10,20.00,04/04/2023
5,pasta de dente,12,7.00,05/04/2023
6,sabonete líquido,15,18.00,06/04/2023
7,álcool em gel,20,5.00,07/04/2023
8,notebook,3,2500.00,08/04/2023
9,smartphone,2,1500.00,09/04/2023
10,mouse pad,9,12.00,10/04/2023
11,gorro,7,30.00,11/04/2023
12,mochila esportiva,4,120.00,12/04/2023
13,fones bluetooth,6,200.00,13/04/2023
14,óculos de sol,5,80.00,14/04/2023
15,tênis esportivo,4,320.00,15/04/2023
