id,produto,quantidade,preço,data
1,câmera digital,3,1200.00,01/05/2023
2,tablet,5,900.00,02/05/2023
3,impressora,4,500.00,03/05/2023
4,carteira de couro,7,60.00,04/05/2023
5,jaqueta,2,350.00,05/05/2023
6,perfume,6,200.00,06/05/2023
7,fritadeira sem óleo,3,400.00,07/05/2023
8,liquidificador,8,120.00,08/05/2023
9,cafeteira,5,180.00,09/05/2023
10,espelho,4,90.00,10/05/2023
11,raquete de tênis,6,250.00,11/05/2023
12,barraca de camping,3,600.00,12/05/2023
13,lupa,12,25.00,13/05/2023
14,cadeira de escritório,2,500.00,14/05/2023
15,ventilador,7,150.00,15/05/2023
