id,produto,quantidade,preço,data
1,tapete,5,200.00,01/06/2023
2,abajur,4,150.00,02/06/2023
3,ventilador de teto,2,600.00,03/06/2023
4,cobertor,7,80.00,04/06/2023
5,porta-copos,20,12.00,05/06/2023
6,travesseiro,10,40.00,06/06/2023
7,frigobar,3,700.00,07/06/2023
8,ar-condicionado,2,2500.00,08/06/2023
9,panela de pressão,6,220.00,09/06/2023
10,rede de descanso,4,180.00,10/06/2023
11,kit de ferramentas,8,350.00,11/06/2023
12,toalha de banho,12,30.00,12/06/2023
13,espremedor de frutas,5,100.00,13/06/2023
